"0","library(tidymodels)"
"2","OstrzeÅ¼enie: pakiet â€˜tidymodelsâ€™ zostaÅ‚ zbudowany w wersji R 4.2.2"
"2","[37m[32mâœ”[37m [34mbroom       [37m 1.0.1     [32mâœ”[37m [34mrsample     [37m 1.1.0
[32mâœ”[37m [34mdials       [37m 1.1.0     [32mâœ”[37m [34mtune        [37m 1.0.1
[32mâœ”[37m [34minfer       [37m 1.0.4     [32mâœ”[37m [34mworkflows   [37m 1.1.2
[32mâœ”[37m [34mmodeldata   [37m 1.0.1     [32mâœ”[37m [34mworkflowsets[37m 1.0.0
[32mâœ”[37m [34mparsnip     [37m 1.0.3     [32mâœ”[37m [34myardstick   [37m 1.1.0
[32mâœ”[37m [34mrecipes     [37m 1.0.2     [39m
"
"2","OstrzeÅ¼enie: pakiet â€˜dialsâ€™ zostaÅ‚ zbudowany w wersji R 4.2.2"
"2","OstrzeÅ¼enie: pakiet â€˜inferâ€™ zostaÅ‚ zbudowany w wersji R 4.2.2"
"2","OstrzeÅ¼enie: pakiet â€˜modeldataâ€™ zostaÅ‚ zbudowany w wersji R 4.2.2"
"2","OstrzeÅ¼enie: pakiet â€˜parsnipâ€™ zostaÅ‚ zbudowany w wersji R 4.2.2"
"2","OstrzeÅ¼enie: pakiet â€˜recipesâ€™ zostaÅ‚ zbudowany w wersji R 4.2.2"
"2","OstrzeÅ¼enie: pakiet â€˜rsampleâ€™ zostaÅ‚ zbudowany w wersji R 4.2.2"
"2","OstrzeÅ¼enie: pakiet â€˜workflowsâ€™ zostaÅ‚ zbudowany w wersji R 4.2.2"
"2","OstrzeÅ¼enie: pakiet â€˜yardstickâ€™ zostaÅ‚ zbudowany w wersji R 4.2.2"
"2","[37mâ”€â”€ [1mConflicts[22m â”€â”€â”€â”€â”€â”€â”€â”€â”€â”€â”€â”€â”€â”€â”€â”€â”€â”€â”€â”€ tidymodels_conflicts() â”€â”€
[31mâœ–[37m [34mscales[37m::[32mdiscard()[37m        masks [34mpurrr[37m::discard()
[31mâœ–[37m [34mdplyr[37m::[32mfilter()[37m          masks [34mstats[37m::filter()
[31mâœ–[37m [34mrecipes[37m::[32mfixed()[37m         masks [34mstringr[37m::fixed()
[31mâœ–[37m [34mkableExtra[37m::[32mgroup_rows()[37m masks [34mdplyr[37m::group_rows()
[31mâœ–[37m [34mdplyr[37m::[32mlag()[37m             masks [34mstats[37m::lag()
[31mâœ–[37m [34myardstick[37m::[32mspec()[37m        masks [34mreadr[37m::spec()
[31mâœ–[37m [34mrecipes[37m::[32mstep()[37m          masks [34mstats[37m::step()
[34mâ€¢[37m Dig deeper into tidy modeling with R at [32mhttps://www.tmwr.org[37m[39m
"
