"0","g_s <- na.omit(game_sales)"
"0",""
"0","index <- sample(1:nrow(g_s), (7/10*nrow(g_s)))"
"0",""
"0","# las <- randomForest::randomForest(Global_Sales~Genre+Publisher+Platform"
"0","#                            ,data=g_s[index,]"
"0","#                            ,xtest=g_s[-index,c('Genre','Publisher','Platform')]"
"0","#                            ,ytest=g_s[-index,'Game_Sales'])"
"0","levels(game_sales$Publisher) #578"
"1","  [1]"
"1"," ""10TACLE Studios""                       "
"1"," ""1C Company""                            "
"1"," ""20th Century Fox Video Games""          "
"1","
"
"1","  [4]"
"1"," ""2D Boy""                                "
"1"," ""3DO""                                   "
"1"," ""49Games""                               "
"1","
"
"1","  [7]"
"1"," ""505 Games""                             "
"1"," ""5pb""                                   "
"1"," ""7G//AMES""                              "
"1","
"
"1"," [10]"
"1"," ""989 Sports""                            "
"1"," ""989 Studios""                           "
"1"," ""Abylight""                              "
"1","
"
"1"," [13]"
"1"," ""Acclaim Entertainment""                 "
"1"," ""Accolade""                              "
"1"," ""Ackkstudios""                           "
"1","
"
"1"," [16]"
"1"," ""Acquire""                               "
"1"," ""Activision""                            "
"1"," ""Activision Blizzard""                   "
"1","
"
"1"," [19]"
"1"," ""Activision Value""                      "
"1"," ""Adeline Software""                      "
"1"," ""Aerosoft""                              "
"1","
"
"1"," [22]"
"1"," ""Agatsuma Entertainment""                "
"1"," ""Agetec""                                "
"1"," ""Aksys Games""                           "
"1","
"
"1"," [25]"
"1"," ""Alawar Entertainment""                  "
"1"," ""Alchemist""                             "
"1"," ""Alternative Software""                  "
"1","
"
"1"," [28]"
"1"," ""Altron""                                "
"1"," ""Alvion""                                "
"1"," ""American Softworks""                    "
"1","
"
"1"," [31]"
"1"," ""Angel Studios""                         "
"1"," ""Answer Software""                       "
"1"," ""AQ Interactive""                        "
"1","
"
"1"," [34]"
"1"," ""Aqua Plus""                             "
"1"," ""Aques""                                 "
"1"," ""Arc System Works""                      "
"1","
"
"1"," [37]"
"1"," ""Arena Entertainment""                   "
"1"," ""Aria""                                  "
"1"," ""Arika""                                 "
"1","
"
"1"," [40]"
"1"," ""ArtDink""                               "
"1"," ""Aruze Corp""                            "
"1"," ""ASC Games""                             "
"1","
"
"1"," [43]"
"1"," ""Ascaron Entertainment""                 "
"1"," ""Ascaron Entertainment GmbH""            "
"1"," ""ASCII Entertainment""                   "
"1","
"
"1"," [46]"
"1"," ""ASCII Media Works""                     "
"1"," ""Asgard""                                "
"1"," ""ASK""                                   "
"1","
"
"1"," [49]"
"1"," ""Asmik Ace Entertainment""               "
"1"," ""Asmik Corp""                            "
"1"," ""Aspyr""                                 "
"1","
"
"1"," [52]"
"1"," ""Astragon""                              "
"1"," ""Asylum Entertainment""                  "
"1"," ""Atari""                                 "
"1","
"
"1"," [55]"
"1"," ""Athena""                                "
"1"," ""Atlus""                                 "
"1"," ""Avalon Interactive""                    "
"1","
"
"1"," [58]"
"1"," ""Avanquest""                             "
"1"," ""Avanquest Software""                    "
"1"," ""Axela""                                 "
"1","
"
"1"," [61]"
"1"," ""BAM! Entertainment""                    "
"1"," ""Banpresto""                             "
"1"," ""Benesse""                               "
"1","
"
"1"," [64]"
"1"," ""Berkeley""                              "
"1"," ""Bethesda Softworks""                    "
"1"," ""Big Ben Interactive""                   "
"1","
"
"1"," [67]"
"1"," ""Big Fish Games""                        "
"1"," ""Bigben Interactive""                    "
"1"," ""bitComposer Games""                     "
"1","
"
"1"," [70]"
"1"," ""Black Bean Games""                      "
"1"," ""Black Label Games""                     "
"1"," ""Blast! Entertainment Ltd""              "
"1","
"
"1"," [73]"
"1"," ""Blue Byte""                             "
"1"," ""BMG Interactive Entertainment""         "
"1"," ""Bohemia Interactive""                   "
"1","
"
"1"," [76]"
"1"," ""Bomb""                                  "
"1"," ""Boost On""                              "
"1"," ""BPS""                                   "
"1","
"
"1"," [79]"
"1"," ""Brash Entertainment""                   "
"1"," ""Broccoli""                              "
"1"," ""BushiRoad""                             "
"1","
"
"1"," [82]"
"1"," ""Capcom""                                "
"1"," ""Cave""                                  "
"1"," ""CBS Electronics""                       "
"1","
"
"1"," [85]"
"1"," ""CCP""                                   "
"1"," ""CDV Software Entertainment""            "
"1"," ""ChunSoft""                              "
"1","
"
"1"," [88]"
"1"," ""City Interactive""                      "
"1"," ""Cloud Imperium Games Corporation""      "
"1"," ""Coconuts Japan""                        "
"1","
"
"1"," [91]"
"1"," ""Codemasters""                           "
"1"," ""Codemasters Online""                    "
"1"," ""CokeM Interactive""                     "
"1","
"
"1"," [94]"
"1"," ""Coleco""                                "
"1"," ""Comfort""                               "
"1"," ""Commseed""                              "
"1","
"
"1"," [97]"
"1"," ""Compile""                               "
"1"," ""Compile Heart""                         "
"1"," ""Conspiracy Entertainment""              "
"1","
"
"1","[100]"
"1"," ""Core Design Ltd.""                      "
"1"," ""CPG Products""                          "
"1"," ""Crave Entertainment""                   "
"1","
"
"1","[103]"
"1"," ""Creative Core""                         "
"1"," ""Crimson Cow""                           "
"1"," ""Crystal Dynamics""                      "
"1","
"
"1","[106]"
"1"," ""CTO SpA""                               "
"1"," ""Culture Brain""                         "
"1"," ""Culture Publishers""                    "
"1","
"
"1","[109]"
"1"," ""CyberFront""                            "
"1"," ""Cygames""                               "
"1"," ""D3Publisher""                           "
"1","
"
"1","[112]"
"1"," ""Daedalic""                              "
"1"," ""Daedalic Entertainment""                "
"1"," ""Daito""                                 "
"1","
"
"1","[115]"
"1"," ""Data Age""                              "
"1"," ""Data Design Interactive""               "
"1"," ""Data East""                             "
"1","
"
"1","[118]"
"1"," ""Datam Polystar""                        "
"1"," ""Deep Silver""                           "
"1"," ""Destination Software, Inc""             "
"1","
"
"1","[121]"
"1"," ""Destineer""                             "
"1"," ""Detn8 Games""                           "
"1"," ""Devolver Digital""                      "
"1","
"
"1","[124]"
"1"," ""DHM Interactive""                       "
"1"," ""DigiCube""                              "
"1"," ""Disney Interactive Studios""            "
"1","
"
"1","[127]"
"1"," ""Dorart""                                "
"1"," ""dramatic create""                       "
"1"," ""DreamCatcher Interactive""              "
"1","
"
"1","[130]"
"1"," ""DreamWorks Interactive""                "
"1"," ""DSI Games""                             "
"1"," ""DTP Entertainment""                     "
"1","
"
"1","[133]"
"1"," ""Dusenberry Martin Racing""              "
"1"," ""EA Games""                              "
"1"," ""Easy Interactive""                      "
"1","
"
"1","[136]"
"1"," ""Ecole""                                 "
"1"," ""Edia""                                  "
"1"," ""Eidos Interactive""                     "
"1","
"
"1","[139]"
"1"," ""Electronic Arts""                       "
"1"," ""Electronic Arts Victor""                "
"1"," ""Elf""                                   "
"1","
"
"1","[142]"
"1"," ""Elite""                                 "
"1"," ""Empire Interactive""                    "
"1"," ""Encore""                                "
"1","
"
"1","[145]"
"1"," ""Enix Corporation""                      "
"1"," ""Enjoy Gaming ltd.""                     "
"1"," ""Enterbrain""                            "
"1","
"
"1","[148]"
"1"," ""EON Digital Entertainment""             "
"1"," ""Epic Games""                            "
"1"," ""Epoch""                                 "
"1","
"
"1","[151]"
"1"," ""Ertain""                                "
"1"," ""ESP""                                   "
"1"," ""Essential Games""                       "
"1","
"
"1","[154]"
"1"," ""Evolution Games""                       "
"1"," ""Evolved Games""                         "
"1"," ""Excalibur Publishing""                  "
"1","
"
"1","[157]"
"1"," ""Experience Inc.""                       "
"1"," ""Extreme Entertainment Group""           "
"1"," ""Falcom Corporation""                    "
"1","
"
"1","[160]"
"1"," ""Fields""                                "
"1"," ""Flashpoint Games""                      "
"1"," ""Flight-Plan""                           "
"1","
"
"1","[163]"
"1"," ""Focus Home Interactive""                "
"1"," ""Focus Multimedia""                      "
"1"," ""fonfun""                                "
"1","
"
"1","[166]"
"1"," ""Foreign Media Games""                   "
"1"," ""Fortyfive""                             "
"1"," ""Fox Interactive""                       "
"1","
"
"1","[169]"
"1"," ""From Software""                         "
"1"," ""Fuji""                                  "
"1"," ""Funbox Media""                          "
"1","
"
"1","[172]"
"1"," ""Funcom""                                "
"1"," ""FunSoft""                               "
"1"," ""Funsta""                                "
"1","
"
"1","[175]"
"1"," ""FuRyu""                                 "
"1"," ""FuRyu Corporation""                     "
"1"," ""G.Rev""                                 "
"1","
"
"1","[178]"
"1"," ""Gaga""                                  "
"1"," ""Gainax Network Systems""                "
"1"," ""Gakken""                                "
"1","
"
"1","[181]"
"1"," ""Game Arts""                             "
"1"," ""Game Factory""                          "
"1"," ""Game Life""                             "
"1","
"
"1","[184]"
"1"," ""Gamebridge""                            "
"1"," ""Gamecock""                              "
"1"," ""Gameloft""                              "
"1","
"
"1","[187]"
"1"," ""GameMill Entertainment""                "
"1"," ""GameTek""                               "
"1"," ""Gathering of Developers""               "
"1","
"
"1","[190]"
"1"," ""General Entertainment""                 "
"1"," ""Genki""                                 "
"1"," ""Genterprise""                           "
"1","
"
"1","[193]"
"1"," ""Ghostlight""                            "
"1"," ""Giga""                                  "
"1"," ""Giza10""                                "
"1","
"
"1","[196]"
"1"," ""Glams""                                 "
"1"," ""Global A Entertainment""                "
"1"," ""Global Star""                           "
"1","
"
"1","[199]"
"1"," ""GN Software""                           "
"1"," ""GOA""                                   "
"1"," ""Gotham Games""                          "
"1","
"
"1","[202]"
"1"," ""Graffiti""                              "
"1"," ""Grand Prix Games""                      "
"1"," ""Graphsim Entertainment""                "
"1","
"
"1","[205]"
"1"," ""Gremlin Interactive Ltd""               "
"1"," ""Griffin International""                 "
"1"," ""Groove Games""                          "
"1","
"
"1","[208]"
"1"," ""GSP""                                   "
"1"," ""GT Interactive""                        "
"1"," ""GungHo""                                "
"1","
"
"1","[211]"
"1"," ""Gust""                                  "
"1"," ""Hackberry""                             "
"1"," ""HAL Laboratory""                        "
"1","
"
"1","[214]"
"1"," ""Hamster Corporation""                   "
"1"," ""Happinet""                              "
"1"," ""Harmonix Music Systems""                "
"1","
"
"1","[217]"
"1"," ""Hasbro Interactive""                    "
"1"," ""Havas Interactive""                     "
"1"," ""Headup Games""                          "
"1","
"
"1","[220]"
"1"," ""Hearty Robin""                          "
"1"," ""Hect""                                  "
"1"," ""Hello Games""                           "
"1","
"
"1","[223]"
"1"," ""Her Interactive""                       "
"1"," ""Hip Interactive""                       "
"1"," ""HMH Interactive""                       "
"1","
"
"1","[226]"
"1"," ""Home Entertainment Suppliers""          "
"1"," ""Hudson Entertainment""                  "
"1"," ""Hudson Soft""                           "
"1","
"
"1","[229]"
"1"," ""Human Entertainment""                   "
"1"," ""HuneX""                                 "
"1"," ""Iceberg Interactive""                   "
"1","
"
"1","[232]"
"1"," ""id Software""                           "
"1"," ""Idea Factory""                          "
"1"," ""Idea Factory International""            "
"1","
"
"1","[235]"
"1"," ""IE Institute""                          "
"1"," ""Ignition Entertainment""                "
"1"," ""Illusion Softworks""                    "
"1","
"
"1","[238]"
"1"," ""Imadio""                                "
"1"," ""Image Epoch""                           "
"1"," ""imageepoch Inc.""                       "
"1","
"
"1","[241]"
"1"," ""Imageworks""                            "
"1"," ""Imagic""                                "
"1"," ""Imagineer""                             "
"1","
"
"1","[244]"
"1"," ""Imax""                                  "
"1"," ""Indie Games""                           "
"1"," ""Infogrames""                            "
"1","
"
"1","[247]"
"1"," ""Insomniac Games""                       "
"1"," ""Interchannel""                          "
"1"," ""Interchannel-Holon""                    "
"1","
"
"1","[250]"
"1"," ""Intergrow""                             "
"1"," ""Interplay""                             "
"1"," ""Interplay Productions""                 "
"1","
"
"1","[253]"
"1"," ""Interworks Unlimited, Inc.""            "
"1"," ""Inti Creates""                          "
"1"," ""Introversion Software""                 "
"1","
"
"1","[256]"
"1"," ""inXile Entertainment""                  "
"1"," ""Irem Software Engineering""             "
"1"," ""ITT Family Games""                      "
"1","
"
"1","[259]"
"1"," ""Ivolgamus""                             "
"1"," ""iWin""                                  "
"1"," ""Jack of All Games""                     "
"1","
"
"1","[262]"
"1"," ""Jaleco""                                "
"1"," ""Jester Interactive""                    "
"1"," ""Jorudan""                               "
"1","
"
"1","[265]"
"1"," ""JoWood Productions""                    "
"1"," ""Just Flight""                           "
"1"," ""JVC""                                   "
"1","
"
"1","[268]"
"1"," ""Kadokawa Games""                        "
"1"," ""Kadokawa Shoten""                       "
"1"," ""Kaga Create""                           "
"1","
"
"1","[271]"
"1"," ""Kalypso Media""                         "
"1"," ""Kando Games""                           "
"1","
"
"1","[274]"
"1"," ""Karin Entertainment""                   "
"1"," ""Kemco""                                 "
"1"," ""KID""                                   "
"1","
"
"1","[277]"
"1"," ""Kids Station""                          "
"1"," ""King Records""                          "
"1"," ""Knowledge Adventure""                   "
"1","
"
"1","[280]"
"1"," ""Koch Media""                            "
"1"," ""Kokopeli Digital Studios""              "
"1"," ""Konami Digital Entertainment""          "
"1","
"
"1","[283]"
"1"," ""Kool Kizz""                             "
"1"," ""KSS""                                   "
"1"," ""Laguna""                                "
"1","
"
"1","[286]"
"1"," ""Legacy Interactive""                    "
"1"," ""LEGO Media""                            "
"1"," ""Level 5""                               "
"1","
"
"1","[289]"
"1"," ""Lexicon Entertainment""                 "
"1"," ""Licensed 4U""                           "
"1"," ""Lighthouse Interactive""                "
"1","
"
"1","[292]"
"1"," ""Liquid Games""                          "
"1"," ""Little Orbit""                          "
"1"," ""Locus""                                 "
"1","
"
"1","[295]"
"1"," ""LSP Games""                             "
"1"," ""LucasArts""                             "
"1"," ""Mad Catz""                              "
"1","
"
"1","[298]"
"1"," ""Magical Company""                       "
"1"," ""Magix""                                 "
"1"," ""Majesco Entertainment""                 "
"1","
"
"1","[301]"
"1"," ""Mamba Games""                           "
"1"," ""Marvel Entertainment""                  "
"1"," ""Marvelous Entertainment""               "
"1","
"
"1","[304]"
"1"," ""Marvelous Games""                       "
"1"," ""Marvelous Interactive""                 "
"1"," ""Masque Publishing""                     "
"1","
"
"1","[307]"
"1"," ""Mastertronic""                          "
"1"," ""Mastiff""                               "
"1"," ""Mattel Interactive""                    "
"1","
"
"1","[310]"
"1"," ""Max Five""                              "
"1"," ""Maximum Family Games""                  "
"1"," ""Maxis""                                 "
"1","
"
"1","[313]"
"1"," ""MC2 Entertainment""                     "
"1"," ""Media Entertainment""                   "
"1"," ""Media Factory""                         "
"1","
"
"1","[316]"
"1"," ""Media Rings""                           "
"1"," ""Media Works""                           "
"1"," ""MediaQuest""                            "
"1","
"
"1","[319]"
"1"," ""Men-A-Vision""                          "
"1"," ""Mentor Interactive""                    "
"1"," ""Mercury Games""                         "
"1","
"
"1","[322]"
"1"," ""Merscom LLC""                           "
"1"," ""Metro 3D""                              "
"1"," ""Michaelsoft""                           "
"1","
"
"1","[325]"
"1"," ""Micro Cabin""                           "
"1"," ""Microids""                              "
"1"," ""Microprose""                            "
"1","
"
"1","[328]"
"1"," ""Microsoft Game Studios""                "
"1"," ""Midas Interactive Entertainment""       "
"1"," ""Midway Games""                          "
"1","
"
"1","[331]"
"1"," ""Milestone""                             "
"1"," ""Milestone S.r.l""                       "
"1"," ""Milestone S.r.l.""                      "
"1","
"
"1","[334]"
"1"," ""Minato Station""                        "
"1"," ""Mindscape""                             "
"1"," ""Mirai Shounen""                         "
"1","
"
"1","[337]"
"1"," ""Misawa""                                "
"1"," ""Mitsui""                                "
"1"," ""mixi, Inc""                             "
"1","
"
"1","[340]"
"1"," ""MLB.com""                               "
"1"," ""Mojang""                                "
"1"," ""Monte Christo Multimedia""              "
"1","
"
"1","[343]"
"1"," ""Moss""                                  "
"1"," ""MTO""                                   "
"1"," ""MTV Games""                             "
"1","
"
"1","[346]"
"1"," ""Mud Duck Productions""                  "
"1"," ""Mumbo Jumbo""                           "
"1"," ""Mycom""                                 "
"1","
"
"1","[349]"
"1"," ""Myelin Media""                          "
"1"," ""Mystique""                              "
"1"," ""Namco Bandai Games""                    "
"1","
"
"1","[352]"
"1"," ""Natsume""                               "
"1"," ""Navarre Corp""                          "
"1"," ""Naxat Soft""                            "
"1","
"
"1","[355]"
"1"," ""NCS""                                   "
"1"," ""NCSoft""                                "
"1"," ""NDA Productions""                       "
"1","
"
"1","[358]"
"1"," ""NEC""                                   "
"1"," ""NEC Interchannel""                      "
"1"," ""Neko Entertainment""                    "
"1","
"
"1","[361]"
"1"," ""NetRevo""                               "
"1"," ""New""                                   "
"1"," ""New World Computing""                   "
"1","
"
"1","[364]"
"1"," ""NewKidCo""                              "
"1"," ""Nexon""                                 "
"1"," ""Nichibutsu""                            "
"1","
"
"1","[367]"
"1"," ""Nihon Falcom Corporation""              "
"1"," ""Nintendo""                              "
"1"," ""Nippon Amuse""                          "
"1","
"
"1","[370]"
"1"," ""Nippon Columbia""                       "
"1"," ""Nippon Ichi Software""                  "
"1"," ""Nippon Telenet""                        "
"1","
"
"1","[373]"
"1"," ""Nitroplus""                             "
"1"," ""Nobilis""                               "
"1"," ""Nordcurrent""                           "
"1","
"
"1","[376]"
"1"," ""Nordic Games""                          "
"1"," ""NovaLogic""                             "
"1"," ""Number None""                           "
"1","
"
"1","[379]"
"1"," ""O-Games""                               "
"1"," ""O3 Entertainment""                      "
"1"," ""Ocean""                                 "
"1","
"
"1","[382]"
"1"," ""Office Create""                         "
"1"," ""On Demand""                             "
"1"," ""Ongakukan""                             "
"1","
"
"1","[385]"
"1"," ""Origin Systems""                        "
"1"," ""Otomate""                               "
"1"," ""Oxygen Interactive""                    "
"1","
"
"1","[388]"
"1"," ""P2 Games""                              "
"1"," ""Pacific Century Cyber Works""           "
"1"," ""Pack-In-Video""                         "
"1","
"
"1","[391]"
"1"," ""Pack In Soft""                          "
"1"," ""Palcom""                                "
"1"," ""Panther Software""                      "
"1","
"
"1","[394]"
"1"," ""Paon""                                  "
"1"," ""Paon Corporation""                      "
"1"," ""Paradox Development""                   "
"1","
"
"1","[397]"
"1"," ""Paradox Interactive""                   "
"1"," ""Parker Bros.""                          "
"1"," ""Performance Designed Products""         "
"1","
"
"1","[400]"
"1"," ""Phantagram""                            "
"1"," ""Phantom EFX""                           "
"1"," ""Phenomedia""                            "
"1","
"
"1","[403]"
"1"," ""Phoenix Games""                         "
"1"," ""Piacci""                                "
"1"," ""Pinnacle""                              "
"1","
"
"1","[406]"
"1"," ""Pioneer LDC""                           "
"1"," ""Play It""                               "
"1"," ""Playlogic Game Factory""                "
"1","[409]"
"1"," ""Playmates""                             "
"1"," ""Playmore""                              "
"1"," ""PlayV""                                 "
"1","
"
"1","[412]"
"1"," ""Plenty""                                "
"1"," ""PM Studios""                            "
"1"," ""Pony Canyon""                           "
"1","
"
"1","[415]"
"1"," ""PopCap Games""                          "
"1"," ""Popcorn Arcade""                        "
"1"," ""PopTop Software""                       "
"1","
"
"1","[418]"
"1"," ""Pow""                                   "
"1"," ""PQube""                                 "
"1"," ""Princess Soft""                         "
"1","
"
"1","[421]"
"1"," ""Prototype""                             "
"1"," ""Psygnosis""                             "
"1"," ""Quelle""                                "
"1","
"
"1","[424]"
"1"," ""Quest""                                 "
"1"," ""Quinrose""                              "
"1"," ""Quintet""                               "
"1","
"
"1","[427]"
"1"," ""Rage Software""                         "
"1"," ""Rain Games""                            "
"1"," ""Rebellion""                             "
"1","
"
"1","[430]"
"1"," ""Rebellion Developments""                "
"1"," ""RED Entertainment""                     "
"1"," ""Red Orb""                               "
"1","
"
"1","[433]"
"1"," ""Red Storm Entertainment""               "
"1"," ""RedOctane""                             "
"1"," ""Reef Entertainment""                    "
"1","
"
"1","[436]"
"1"," ""responDESIGN""                          "
"1"," ""Revolution (Japan)""                    "
"1"," ""Revolution Software""                   "
"1","
"
"1","[439]"
"1"," ""Rising Star Games""                     "
"1"," ""Riverhillsoft""                         "
"1"," ""Rocket Company""                        "
"1","
"
"1","[442]"
"1"," ""Rondomedia""                            "
"1"," ""RTL""                                   "
"1"," ""Russel""                                "
"1","
"
"1","[445]"
"1"," ""Sammy Corporation""                     "
"1"," ""Saurus""                                "
"1"," ""Scholastic Inc.""                       "
"1","
"
"1","[448]"
"1"," ""SCi""                                   "
"1"," ""Screenlife""                            "
"1"," ""SCS Software""                          "
"1","
"
"1","[451]"
"1"," ""Sears""                                 "
"1"," ""Sega""                                  "
"1"," ""Seta Corporation""                      "
"1","
"
"1","[454]"
"1"," ""Seventh Chord""                         "
"1"," ""Shogakukan""                            "
"1"," ""Simon & Schuster Interactive""          "
"1","
"
"1","[457]"
"1"," ""Slightly Mad Studios""                  "
"1"," ""Slitherine Software""                   "
"1"," ""SNK""                                   "
"1","
"
"1","[460]"
"1"," ""SNK Playmore""                          "
"1"," ""Societa""                               "
"1"," ""Sold Out""                              "
"1","
"
"1","[463]"
"1"," ""Sonnet""                                "
"1"," ""Sony Computer Entertainment""           "
"1"," ""Sony Computer Entertainment America""   "
"1","
"
"1","[466]"
"1"," ""Sony Computer Entertainment Europe""    "
"1"," ""Sony Music Entertainment""              "
"1"," ""Sony Online Entertainment""             "
"1","
"
"1","[469]"
"1"," ""SouthPeak Games""                       "
"1"," ""Spike""                                 "
"1"," ""SPS""                                   "
"1","
"
"1","[472]"
"1"," ""Square""                                "
"1"," ""Square EA""                             "
"1"," ""Square Enix""                           "
"1","
"
"1","[475]"
"1"," ""SquareSoft""                            "
"1"," ""SSI""                                   "
"1"," ""Stainless Games""                       "
"1","
"
"1","[478]"
"1"," ""Starfish""                              "
"1"," ""Starpath Corp.""                        "
"1"," ""Sting""                                 "
"1","
"
"1","[481]"
"1"," ""Storm City Games""                      "
"1"," ""Strategy First""                        "
"1"," ""Success""                               "
"1","
"
"1","[484]"
"1"," ""Summitsoft""                            "
"1"," ""Sunflowers""                            "
"1"," ""Sunrise Interactive""                   "
"1","
"
"1","[487]"
"1"," ""Sunsoft""                               "
"1"," ""Sweets""                                "
"1"," ""Swing! Entertainment""                  "
"1","
"
"1","[490]"
"1"," ""Syscom""                                "
"1"," ""System 3""                              "
"1"," ""System 3 Arcade Software""              "
"1","
"
"1","[493]"
"1"," ""System Soft""                           "
"1"," ""T&E Soft""                              "
"1"," ""Taito""                                 "
"1","
"
"1","[496]"
"1"," ""Takara""                                "
"1"," ""Takara Tomy""                           "
"1"," ""Take-Two Interactive""                  "
"1","
"
"1","[499]"
"1"," ""Takuyo""                                "
"1"," ""TalonSoft""                             "
"1"," ""TDK Core""                              "
"1","
"
"1","[502]"
"1"," ""TDK Mediactive""                        "
"1"," ""Team17 Software""                       "
"1"," ""Technos Japan Corporation""             "
"1","
"
"1","[505]"
"1"," ""TechnoSoft""                            "
"1"," ""Tecmo Koei""                            "
"1"," ""Telegames""                             "
"1","
"
"1","[508]"
"1"," ""Telltale Games""                        "
"1"," ""Telstar""                               "
"1"," ""Tetris Online""                         "
"1","
"
"1","[511]"
"1"," ""TGL""                                   "
"1"," ""The Adventure Company""                 "
"1"," ""The Learning Company""                  "
"1","
"
"1","[514]"
"1"," ""THQ""                                   "
"1"," ""Tigervision""                           "
"1"," ""Time Warner Interactive""               "
"1","
"
"1","[517]"
"1"," ""Titus""                                 "
"1"," ""Tivola""                                "
"1"," ""TOHO""                                  "
"1","
"
"1","[520]"
"1"," ""Tommo""                                 "
"1"," ""Tomy Corporation""                      "
"1"," ""TopWare Interactive""                   "
"1","
"
"1","[523]"
"1"," ""Touchstone""                            "
"1"," ""Tradewest""                             "
"1"," ""Trion Worlds""                          "
"1","
"
"1","[526]"
"1"," ""Tripwire Interactive""                  "
"1"," ""Tru Blu Entertainment""                 "
"1"," ""Tryfirst""                              "
"1","
"
"1","[529]"
"1"," ""TYO""                                   "
"1"," ""Type-Moon""                             "
"1"," ""U.S. Gold""                             "
"1","
"
"1","[532]"
"1"," ""Ubisoft""                               "
"1"," ""Ubisoft Annecy""                        "
"1"," ""UEP Systems""                           "
"1","
"
"1","[535]"
"1"," ""UFO Interactive""                       "
"1"," ""UIG Entertainment""                     "
"1"," ""Ultravision""                           "
"1","
"
"1","[538]"
"1"," ""Universal Gamex""                       "
"1"," ""Universal Interactive""                 "
"1"," ""Unknown""                               "
"1","
"
"1","[541]"
"1"," ""Valcon Games""                          "
"1"," ""ValuSoft""                              "
"1"," ""Valve""                                 "
"1","
"
"1","[544]"
"1"," ""Valve Software""                        "
"1"," ""Vap""                                   "
"1"," ""Vatical Entertainment""                 "
"1","
"
"1","[547]"
"1"," ""Vic Tokai""                             "
"1"," ""Victor Interactive""                    "
"1"," ""Video System""                          "
"1","
"
"1","[550]"
"1"," ""Views""                                 "
"1"," ""Vir2L Studios""                         "
"1","
"
"1","[553]"
"1"," ""Virtual Play Games""                    "
"1"," ""Visco""                                 "
"1"," ""Vivendi Games""                         "
"1","
"
"1","[556]"
"1"," ""Wanadoo""                               "
"1"," ""Warashi""                               "
"1"," ""Wargaming.net""                         "
"1","
"
"1","[559]"
"1"," ""Warner Bros. Interactive Entertainment"""
"1"," ""Warp""                                  "
"1"," ""WayForward Technologies""               "
"1","
"
"1","[562]"
"1"," ""Westwood Studios""                      "
"1"," ""White Park Bay Software""               "
"1"," ""Wizard Video Games""                    "
"1","
"
"1","[565]"
"1"," ""Xicat Interactive""                     "
"1"," ""Xing Entertainment""                    "
"1"," ""Xplosiv""                               "
"1","
"
"1","[568]"
"1"," ""XS Games""                              "
"1"," ""Xseed Games""                           "
"1"," ""Yacht Club Games""                      "
"1","
"
"1","[571]"
"1"," ""Yamasa Entertainment""                  "
"1"," ""Yeti""                                  "
"1"," ""Yuke's""                                "
"1","
"
"1","[574]"
"1"," ""Yumedia""                               "
"1"," ""Zenrin""                                "
"1"," ""Zoo Digital Publishing""                "
"1","
"
"1","[577]"
"1"," ""Zoo Games""                             "
"1"," ""Zushi Games""                           "
"1","
"
"0","levels(game_sales$Genre) #12"
"1"," [1]"
"1"," ""Action""      "
"1"," ""Adventure""   "
"1"," ""Fighting""    "
"1"," ""Misc""        "
"1"," ""Platform""    "
"1"," ""Puzzle""      "
"1"," ""Racing""      "
"1"," ""Role-Playing"""
"1","
"
"1"," [9]"
"1"," ""Shooter""     "
"1"," ""Simulation""  "
"1"," ""Sports""      "
"1"," ""Strategy""    "
"1","
"
"0","levels(game_sales$Platform) #31"
"1"," [1]"
"1"," ""2600"""
"1"," ""3DO"" "
"1"," ""3DS"" "
"1"," ""DC""  "
"1"," ""DS""  "
"1"," ""GB""  "
"1"," ""GBA"" "
"1"," ""GC""  "
"1"," ""GEN"" "
"1"," ""GG""  "
"1"," ""N64"" "
"1"," ""NES"" "
"1"," ""NG""  "
"1"," ""PC""  "
"1"," ""PCFX"""
"1"," ""PS""  "
"1"," ""PS2"" "
"1"," ""PS3"" "
"1","
"
"1","[19]"
"1"," ""PS4"" "
"1"," ""PSP"" "
"1"," ""PSV"" "
"1"," ""SAT"" "
"1"," ""SCD"" "
"1"," ""SNES"""
"1"," ""TG16"""
"1"," ""Wii"" "
"1"," ""WiiU"""
"1"," ""WS""  "
"1"," ""X360"""
"1"," ""XB""  "
"1"," ""XOne"""
"1","
"
"0","g_s <- game_sales %>%"
"0","  na.omit() %>%"
"0","#  select(Global_Sales,Genre,Publisher,Platform) %>%"
"0","  fastDummies::dummy_cols(.,select_columns = 'Publisher',remove_selected_columns=T)"
"2","Registered S3 method overwritten by 'data.table':
  method           from
  print.data.table     
"
"0","colnames(g_s[,10:ncol(g_s)])"
"1","  [1]"
"1"," ""Global_Sales""                                    "
"1"," ""Publisher_10TACLE Studios""                       "
"1","
"
"1","  [3]"
"1"," ""Publisher_1C Company""                            "
"1"," ""Publisher_20th Century Fox Video Games""          "
"1","
"
"1","  [5]"
"1"," ""Publisher_2D Boy""                                "
"1"," ""Publisher_3DO""                                   "
"1","
"
"1","  [7]"
"1"," ""Publisher_49Games""                               "
"1"," ""Publisher_505 Games""                             "
"1","
"
"1","  [9]"
"1"," ""Publisher_5pb""                                   "
"1"," ""Publisher_7G//AMES""                              "
"1","
"
"1"," [11]"
"1"," ""Publisher_989 Sports""                            "
"1"," ""Publisher_989 Studios""                           "
"1","
"
"1"," [13]"
"1"," ""Publisher_Abylight""                              "
"1"," ""Publisher_Acclaim Entertainment""                 "
"1","
"
"1"," [15]"
"1"," ""Publisher_Accolade""                              "
"1"," ""Publisher_Ackkstudios""                           "
"1","
"
"1"," [17]"
"1"," ""Publisher_Acquire""                               "
"1"," ""Publisher_Activision""                            "
"1","
"
"1"," [19]"
"1"," ""Publisher_Activision Blizzard""                   "
"1"," ""Publisher_Activision Value""                      "
"1","
"
"1"," [21]"
"1"," ""Publisher_Adeline Software""                      "
"1"," ""Publisher_Aerosoft""                              "
"1","
"
"1"," [23]"
"1"," ""Publisher_Agatsuma Entertainment""                "
"1"," ""Publisher_Agetec""                                "
"1","
"
"1"," [25]"
"1"," ""Publisher_Aksys Games""                           "
"1"," ""Publisher_Alawar Entertainment""                  "
"1","
"
"1"," [27]"
"1"," ""Publisher_Alchemist""                             "
"1"," ""Publisher_Alternative Software""                  "
"1","
"
"1"," [29]"
"1"," ""Publisher_Altron""                                "
"1"," ""Publisher_Alvion""                                "
"1","
"
"1"," [31]"
"1"," ""Publisher_American Softworks""                    "
"1"," ""Publisher_Angel Studios""                         "
"1","
"
"1"," [33]"
"1"," ""Publisher_Answer Software""                       "
"1"," ""Publisher_AQ Interactive""                        "
"1","
"
"1"," [35]"
"1"," ""Publisher_Aqua Plus""                             "
"1"," ""Publisher_Aques""                                 "
"1","
"
"1"," [37]"
"1"," ""Publisher_Arc System Works""                      "
"1"," ""Publisher_Arena Entertainment""                   "
"1","
"
"1"," [39]"
"1"," ""Publisher_Aria""                                  "
"1"," ""Publisher_Arika""                                 "
"1","
"
"1"," [41]"
"1"," ""Publisher_ArtDink""                               "
"1"," ""Publisher_Aruze Corp""                            "
"1","
"
"1"," [43]"
"1"," ""Publisher_ASC Games""                             "
"1"," ""Publisher_Ascaron Entertainment""                 "
"1","
"
"1"," [45]"
"1"," ""Publisher_Ascaron Entertainment GmbH""            "
"1"," ""Publisher_ASCII Entertainment""                   "
"1","
"
"1"," [47]"
"1"," ""Publisher_ASCII Media Works""                     "
"1"," ""Publisher_Asgard""                                "
"1","
"
"1"," [49]"
"1"," ""Publisher_ASK""                                   "
"1"," ""Publisher_Asmik Ace Entertainment""               "
"1","
"
"1"," [51]"
"1"," ""Publisher_Asmik Corp""                            "
"1"," ""Publisher_Aspyr""                                 "
"1","
"
"1"," [53]"
"1"," ""Publisher_Astragon""                              "
"1"," ""Publisher_Asylum Entertainment""                  "
"1","
"
"1"," [55]"
"1"," ""Publisher_Atari""                                 "
"1"," ""Publisher_Athena""                                "
"1","
"
"1"," [57]"
"1"," ""Publisher_Atlus""                                 "
"1"," ""Publisher_Avalon Interactive""                    "
"1","
"
"1"," [59]"
"1"," ""Publisher_Avanquest""                             "
"1"," ""Publisher_Avanquest Software""                    "
"1","
"
"1"," [61]"
"1"," ""Publisher_Axela""                                 "
"1"," ""Publisher_BAM! Entertainment""                    "
"1","
"
"1"," [63]"
"1"," ""Publisher_Banpresto""                             "
"1"," ""Publisher_Benesse""                               "
"1","
"
"1"," [65]"
"1"," ""Publisher_Berkeley""                              "
"1"," ""Publisher_Bethesda Softworks""                    "
"1","
"
"1"," [67]"
"1"," ""Publisher_Big Ben Interactive""                   "
"1"," ""Publisher_Big Fish Games""                        "
"1","
"
"1"," [69]"
"1"," ""Publisher_Bigben Interactive""                    "
"1"," ""Publisher_bitComposer Games""                     "
"1","
"
"1"," [71]"
"1","
"
"1"," [75]"
"1"," ""Publisher_BMG Interactive Entertainment""         "
"1"," ""Publisher_Bohemia Interactive""                   "
"1","
"
"1"," [77]"
"1"," ""Publisher_Bomb""                                  "
"1"," ""Publisher_Boost On""                              "
"1","
"
"1"," [79]"
"1"," ""Publisher_BPS""                                   "
"1"," ""Publisher_Brash Entertainment""                   "
"1","
"
"1"," [81]"
"1"," ""Publisher_Broccoli""                              "
"1"," ""Publisher_BushiRoad""                             "
"1","
"
"1"," [83]"
"1"," ""Publisher_Capcom""                                "
"1"," ""Publisher_Cave""                                  "
"1","
"
"1"," [85]"
"1"," ""Publisher_CBS Electronics""                       "
"1"," ""Publisher_CCP""                                   "
"1","
"
"1"," [87]"
"1"," ""Publisher_CDV Software Entertainment""            "
"1"," ""Publisher_ChunSoft""                              "
"1","
"
"1"," [89]"
"1"," ""Publisher_City Interactive""                      "
"1"," ""Publisher_Cloud Imperium Games Corporation""      "
"1","
"
"1"," [91]"
"1"," ""Publisher_Coconuts Japan""                        "
"1"," ""Publisher_Codemasters""                           "
"1","
"
"1"," [93]"
"1"," ""Publisher_Codemasters Online""                    "
"1"," ""Publisher_CokeM Interactive""                     "
"1","
"
"1"," [95]"
"1"," ""Publisher_Coleco""                                "
"1"," ""Publisher_Comfort""                               "
"1","
"
"1"," [97]"
"1"," ""Publisher_Commseed""                              "
"1"," ""Publisher_Compile""                               "
"1","
"
"1"," [99]"
"1"," ""Publisher_Compile Heart""                         "
"1"," ""Publisher_Conspiracy Entertainment""              "
"1","
"
"1","[101]"
"1"," ""Publisher_Core Design Ltd.""                      "
"1"," ""Publisher_CPG Products""                          "
"1","
"
"1","[103]"
"1"," ""Publisher_Crave Entertainment""                   "
"1"," ""Publisher_Creative Core""                         "
"1","
"
"1","[105]"
"1"," ""Publisher_Crimson Cow""                           "
"1"," ""Publisher_Crystal Dynamics""                      "
"1","
"
"1","[107]"
"1"," ""Publisher_CTO SpA""                               "
"1"," ""Publisher_Culture Brain""                         "
"1","
"
"1","[109]"
"1"," ""Publisher_Culture Publishers""                    "
"1"," ""Publisher_CyberFront""                            "
"1","
"
"1","[111]"
"1"," ""Publisher_Cygames""                               "
"1"," ""Publisher_D3Publisher""                           "
"1","
"
"1","[113]"
"1"," ""Publisher_Daedalic""                              "
"1"," ""Publisher_Daedalic Entertainment""                "
"1","
"
"1","[115]"
"1"," ""Publisher_Daito""                                 "
"1"," ""Publisher_Data Age""                              "
"1","
"
"1","[117]"
"1"," ""Publisher_Data Design Interactive""               "
"1"," ""Publisher_Data East""                             "
"1","
"
"1","[119]"
"1"," ""Publisher_Datam Polystar""                        "
"1"," ""Publisher_Deep Silver""                           "
"1","
"
"1","[121]"
"1"," ""Publisher_Destination Software, Inc""             "
"1"," ""Publisher_Destineer""                             "
"1","
"
"1","[123]"
"1"," ""Publisher_Detn8 Games""                           "
"1"," ""Publisher_Devolver Digital""                      "
"1","
"
"1","[125]"
"1"," ""Publisher_DHM Interactive""                       "
"1"," ""Publisher_DigiCube""                              "
"1","
"
"1","[127]"
"1"," ""Publisher_Disney Interactive Studios""            "
"1"," ""Publisher_Dorart""                                "
"1","
"
"1","[129]"
"1"," ""Publisher_dramatic create""                       "
"1"," ""Publisher_DreamCatcher Interactive""              "
"1","
"
"1","[131]"
"1"," ""Publisher_DreamWorks Interactive""                "
"1"," ""Publisher_DSI Games""                             "
"1","
"
"1","[133]"
"1"," ""Publisher_DTP Entertainment""                     "
"1"," ""Publisher_Dusenberry Martin Racing""              "
"1","
"
"1","[135]"
"1"," ""Publisher_EA Games""                              "
"1"," ""Publisher_Easy Interactive""                      "
"1","
"
"1","[137]"
"1"," ""Publisher_Ecole""                                 "
"1"," ""Publisher_Edia""                                  "
"1","
"
"1","[139]"
"1"," ""Publisher_Eidos Interactive""                     "
"1"," ""Publisher_Electronic Arts""                       "
"1","
"
"1","[141]"
"1"," ""Publisher_Electronic Arts Victor""                "
"1"," ""Publisher_Elf""                                   "
"1","
"
"1","[143]"
"1"," ""Publisher_Elite""                                 "
"1"," ""Publisher_Empire Interactive""                    "
"1","
"
"1","[145]"
"1"," ""Publisher_Encore""                                "
"1"," ""Publisher_Enix Corporation""                      "
"1","
"
"1","[147]"
"1"," ""Publisher_Enjoy Gaming ltd.""                     "
"1"," ""Publisher_Enterbrain""                            "
"1","
"
"1","[149]"
"1"," ""Publisher_EON Digital Entertainment""             "
"1"," ""Publisher_Epic Games""                            "
"1","
"
"1","[151]"
"1"," ""Publisher_Epoch""                                 "
"1"," ""Publisher_Ertain""                                "
"1","
"
"1","[153]"
"1"," ""Publisher_ESP""                                   "
"1"," ""Publisher_Essential Games""                       "
"1","
"
"1","[155]"
"1"," ""Publisher_Evolution Games""                       "
"1"," ""Publisher_Evolved Games""                         "
"1","
"
"1","[157]"
"1"," ""Publisher_Excalibur Publishing""                  "
"1"," ""Publisher_Experience Inc.""                       "
"1","
"
"1","[159]"
"1"," ""Publisher_Extreme Entertainment Group""           "
"1"," ""Publisher_Falcom Corporation""                    "
"1","
"
"1","[161]"
"1"," ""Publisher_Fields""                                "
"1"," ""Publisher_Flashpoint Games""                      "
"1","
"
"1","[163]"
"1"," ""Publisher_Flight-Plan""                           "
"1"," ""Publisher_Focus Home Interactive""                "
"1","
"
"1","[165]"
"1"," ""Publisher_Focus Multimedia""                      "
"1"," ""Publisher_fonfun""                                "
"1","
"
"1","[167]"
"1"," ""Publisher_Foreign Media Games""                   "
"1"," ""Publisher_Fortyfive""                             "
"1","
"
"1","[169]"
"1"," ""Publisher_Fox Interactive""                       "
"1"," ""Publisher_From Software""                         "
"1","
"
"1","[171]"
"1"," ""Publisher_Fuji""                                  "
"1"," ""Publisher_Funbox Media""                          "
"1","
"
"1","[173]"
"1"," ""Publisher_Funcom""                                "
"1"," ""Publisher_FunSoft""                               "
"1","
"
"1","[175]"
"1"," ""Publisher_Funsta""                                "
"1"," ""Publisher_FuRyu""                                 "
"1","
"
"1","[177]"
"1"," ""Publisher_FuRyu Corporation""                     "
"1"," ""Publisher_G.Rev""                                 "
"1","
"
"1","[179]"
"1"," ""Publisher_Gaga""                                  "
"1"," ""Publisher_Gainax Network Systems""                "
"1","
"
"1","[181]"
"1"," ""Publisher_Gakken""                                "
"1"," ""Publisher_Game Arts""                             "
"1","
"
"1","[183]"
"1"," ""Publisher_Game Factory""                          "
"1"," ""Publisher_Game Life""                             "
"1","
"
"1","[185]"
"1"," ""Publisher_Gamebridge""                            "
"1"," ""Publisher_Gamecock""                              "
"1","
"
"1","[187]"
"1"," ""Publisher_Gameloft""                              "
"1"," ""Publisher_GameMill Entertainment""                "
"1","
"
"1","[189]"
"1"," ""Publisher_GameTek""                               "
"1"," ""Publisher_Gathering of Developers""               "
"1","
"
"1","[191]"
"1"," ""Publisher_General Entertainment""                 "
"1"," ""Publisher_Genki""                                 "
"1","
"
"1","[193]"
"1"," ""Publisher_Genterprise""                           "
"1"," ""Publisher_Ghostlight""                            "
"1","
"
"1","[195]"
"1"," ""Publisher_Giga""                                  "
"1"," ""Publisher_Giza10""                                "
"1","
"
"1","[197]"
"1"," ""Publisher_Glams""                                 "
"1"," ""Publisher_Global A Entertainment""                "
"1","
"
"1","[199]"
"1"," ""Publisher_Global Star""                           "
"1"," ""Publisher_GN Software""                           "
"1","
"
"1","[201]"
"1"," ""Publisher_GOA""                                   "
"1"," ""Publisher_Gotham Games""                          "
"1","
"
"1","[203]"
"1"," ""Publisher_Graffiti""                              "
"1"," ""Publisher_Grand Prix Games""                      "
"1","
"
"1","[205]"
"1"," ""Publisher_Graphsim Entertainment""                "
"1"," ""Publisher_GSP""                                   "
"1"," ""Publisher_GT Interactive""                        "
"1","
"
"1","[211]"
"1"," ""Publisher_GungHo""                                "
"1"," ""Publisher_Gust""                                  "
"1","
"
"1","[213]"
"1"," ""Publisher_Hackberry""                             "
"1"," ""Publisher_HAL Laboratory""                        "
"1","
"
"1","[215]"
"1"," ""Publisher_Hamster Corporation""                   "
"1"," ""Publisher_Happinet""                              "
"1","
"
"1","[217]"
"1"," ""Publisher_Harmonix Music Systems""                "
"1"," ""Publisher_Hasbro Interactive""                    "
"1","
"
"1","[219]"
"1"," ""Publisher_Havas Interactive""                     "
"1"," ""Publisher_Headup Games""                          "
"1","
"
"1","[221]"
"1"," ""Publisher_Hearty Robin""                          "
"1"," ""Publisher_Hect""                                  "
"1","
"
"1","[223]"
"1"," ""Publisher_Hello Games""                           "
"1"," ""Publisher_Her Interactive""                       "
"1","
"
"1","[225]"
"1"," ""Publisher_Hip Interactive""                       "
"1"," ""Publisher_HMH Interactive""                       "
"1","
"
"1","[227]"
"1"," ""Publisher_Home Entertainment Suppliers""          "
"1"," ""Publisher_Hudson Entertainment""                  "
"1","
"
"1","[229]"
"1"," ""Publisher_Hudson Soft""                           "
"1"," ""Publisher_Human Entertainment""                   "
"1","
"
"1","[231]"
"1"," ""Publisher_HuneX""                                 "
"1"," ""Publisher_Iceberg Interactive""                   "
"1","
"
"1","[233]"
"1"," ""Publisher_id Software""                           "
"1"," ""Publisher_Idea Factory""                          "
"1","
"
"1","[235]"
"1"," ""Publisher_Idea Factory International""            "
"1"," ""Publisher_IE Institute""                          "
"1","
"
"1","[237]"
"1"," ""Publisher_Ignition Entertainment""                "
"1"," ""Publisher_Illusion Softworks""                    "
"1","
"
"1","[239]"
"1"," ""Publisher_Imadio""                                "
"1"," ""Publisher_Image Epoch""                           "
"1","
"
"1","[241]"
"1"," ""Publisher_imageepoch Inc.""                       "
"1"," ""Publisher_Imageworks""                            "
"1","
"
"1","[243]"
"1"," ""Publisher_Imagic""                                "
"1"," ""Publisher_Imagineer""                             "
"1","
"
"1","[245]"
"1"," ""Publisher_Imax""                                  "
"1"," ""Publisher_Indie Games""                           "
"1","
"
"1","[247]"
"1"," ""Publisher_Infogrames""                            "
"1"," ""Publisher_Insomniac Games""                       "
"1","
"
"1","[249]"
"1"," ""Publisher_Interchannel""                          "
"1"," ""Publisher_Interchannel-Holon""                    "
"1","
"
"1","[251]"
"1"," ""Publisher_Intergrow""                             "
"1"," ""Publisher_Interplay""                             "
"1","
"
"1","[253]"
"1"," ""Publisher_Interplay Productions""                 "
"1"," ""Publisher_Interworks Unlimited, Inc.""            "
"1","
"
"1","[255]"
"1"," ""Publisher_Inti Creates""                          "
"1"," ""Publisher_Introversion Software""                 "
"1","
"
"1","[257]"
"1"," ""Publisher_inXile Entertainment""                  "
"1"," ""Publisher_Irem Software Engineering""             "
"1","
"
"1","[259]"
"1"," ""Publisher_ITT Family Games""                      "
"1"," ""Publisher_Ivolgamus""                             "
"1","
"
"1","[261]"
"1"," ""Publisher_iWin""                                  "
"1"," ""Publisher_Jack of All Games""                     "
"1","
"
"1","[263]"
"1"," ""Publisher_Jaleco""                                "
"1"," ""Publisher_Jester Interactive""                    "
"1","
"
"1","[265]"
"1"," ""Publisher_Jorudan""                               "
"1"," ""Publisher_JoWood Productions""                    "
"1","
"
"1","[267]"
"1"," ""Publisher_Just Flight""                           "
"1"," ""Publisher_JVC""                                   "
"1","
"
"1","[269]"
"1"," ""Publisher_Kadokawa Games""                        "
"1"," ""Publisher_Kadokawa Shoten""                       "
"1","
"
"1","[271]"
"1"," ""Publisher_Kaga Create""                           "
"1"," ""Publisher_Kalypso Media""                         "
"1","
"
"1","[273]"
"1"," ""Publisher_Kamui""                                 "
"1"," ""Publisher_Kando Games""                           "
"1","
"
"1","[275]"
"1"," ""Publisher_Karin Entertainment""                   "
"1"," ""Publisher_Kemco""                                 "
"1","
"
"1","[277]"
"1"," ""Publisher_KID""                                   "
"1"," ""Publisher_Kids Station""                          "
"1","
"
"1","[279]"
"1"," ""Publisher_King Records""                          "
"1"," ""Publisher_Knowledge Adventure""                   "
"1","
"
"1","[281]"
"1"," ""Publisher_Koch Media""                            "
"1"," ""Publisher_Kokopeli Digital Studios""              "
"1","
"
"1","[283]"
"1"," ""Publisher_Konami Digital Entertainment""          "
"1"," ""Publisher_Kool Kizz""                             "
"1","
"
"1","[285]"
"1"," ""Publisher_KSS""                                   "
"1"," ""Publisher_Laguna""                                "
"1","
"
"1","[287]"
"1"," ""Publisher_Legacy Interactive""                    "
"1"," ""Publisher_LEGO Media""                            "
"1","
"
"1","[289]"
"1"," ""Publisher_Level 5""                               "
"1"," ""Publisher_Lexicon Entertainment""                 "
"1","
"
"1","[291]"
"1"," ""Publisher_Licensed 4U""                           "
"1"," ""Publisher_Lighthouse Interactive""                "
"1","
"
"1","[293]"
"1"," ""Publisher_Liquid Games""                          "
"1"," ""Publisher_Little Orbit""                          "
"1","
"
"1","[295]"
"1"," ""Publisher_Locus""                                 "
"1"," ""Publisher_LSP Games""                             "
"1","
"
"1","[297]"
"1"," ""Publisher_LucasArts""                             "
"1"," ""Publisher_Mad Catz""                              "
"1","
"
"1","[299]"
"1"," ""Publisher_Magical Company""                       "
"1"," ""Publisher_Magix""                                 "
"1","
"
"1","[301]"
"1"," ""Publisher_Majesco Entertainment""                 "
"1"," ""Publisher_Mamba Games""                           "
"1","
"
"1","[303]"
"1"," ""Publisher_Marvel Entertainment""                  "
"1"," ""Publisher_Marvelous Entertainment""               "
"1","
"
"1","[305]"
"1"," ""Publisher_Marvelous Games""                       "
"1"," ""Publisher_Marvelous Interactive""                 "
"1","
"
"1","[307]"
"1"," ""Publisher_Masque Publishing""                     "
"1"," ""Publisher_Mastertronic""                          "
"1","
"
"1","[309]"
"1"," ""Publisher_Mastiff""                               "
"1"," ""Publisher_Mattel Interactive""                    "
"1","
"
"1","[311]"
"1"," ""Publisher_Max Five""                              "
"1"," ""Publisher_Maximum Family Games""                  "
"1","
"
"1","[313]"
"1"," ""Publisher_Maxis""                                 "
"1"," ""Publisher_MC2 Entertainment""                     "
"1","
"
"1","[315]"
"1"," ""Publisher_Media Entertainment""                   "
"1"," ""Publisher_Media Factory""                         "
"1","
"
"1","[317]"
"1"," ""Publisher_Media Rings""                           "
"1"," ""Publisher_Media Works""                           "
"1","
"
"1","[319]"
"1"," ""Publisher_MediaQuest""                            "
"1"," ""Publisher_Men-A-Vision""                          "
"1","
"
"1","[321]"
"1"," ""Publisher_Mentor Interactive""                    "
"1"," ""Publisher_Mercury Games""                         "
"1","
"
"1","[323]"
"1"," ""Publisher_Merscom LLC""                           "
"1"," ""Publisher_Metro 3D""                              "
"1","
"
"1","[325]"
"1"," ""Publisher_Michaelsoft""                           "
"1"," ""Publisher_Micro Cabin""                           "
"1","
"
"1","[327]"
"1"," ""Publisher_Microids""                              "
"1"," ""Publisher_Microprose""                            "
"1","
"
"1","[329]"
"1"," ""Publisher_Microsoft Game Studios""                "
"1"," ""Publisher_Midas Interactive Entertainment""       "
"1","
"
"1","[331]"
"1"," ""Publisher_Midway Games""                          "
"1"," ""Publisher_Milestone""                             "
"1","
"
"1","[333]"
"1"," ""Publisher_Milestone S.r.l""                       "
"1"," ""Publisher_Milestone S.r.l.""                      "
"1","
"
"1","[335]"
"1"," ""Publisher_Minato Station""                        "
"1"," ""Publisher_Mindscape""                             "
"1","
"
"1","[337]"
"1"," ""Publisher_Mirai Shounen""                         "
"1"," ""Publisher_Misawa""                                "
"1","
"
"1","[339]"
"1"," ""Publisher_Mitsui""                                "
"1"," ""Publisher_mixi, Inc""                             "
"1","
"
"1","[341]"
"1"," ""Publisher_MLB.com""                               "
"1"," ""Publisher_Mojang""                                "
"1","
"
"1","[343]"
"1"," ""Publisher_Monte Christo Multimedia""              "
"1"," ""Publisher_Moss""                                  "
"1","
"
"1","[345]"
"1"," ""Publisher_MTO""                                   "
"1"," ""Publisher_MTV Games""                             "
"1","
"
"1","[347]"
"1"," ""Publisher_Mud Duck Productions""                  "
"1"," ""Publisher_Mumbo Jumbo""                           "
"1","
"
"1","[349]"
"1"," ""Publisher_Mycom""                                 "
"1"," ""Publisher_Myelin Media""                          "
"1","
"
"1","[351]"
"1"," ""Publisher_Mystique""                              "
"1"," ""Publisher_Namco Bandai Games""                    "
"1","
"
"1","[353]"
"1"," ""Publisher_Natsume""                               "
"1"," ""Publisher_Navarre Corp""                          "
"1","
"
"1","[355]"
"1"," ""Publisher_Naxat Soft""                            "
"1"," ""Publisher_NCS""                                   "
"1","
"
"1","[357]"
"1"," ""Publisher_NCSoft""                                "
"1"," ""Publisher_NDA Productions""                       "
"1","
"
"1","[359]"
"1","
"
"1","[363]"
"1"," ""Publisher_New""                                   "
"1"," ""Publisher_New World Computing""                   "
"1","
"
"1","[365]"
"1"," ""Publisher_NewKidCo""                              "
"1"," ""Publisher_Nexon""                                 "
"1","
"
"1","[367]"
"1"," ""Publisher_Nichibutsu""                            "
"1"," ""Publisher_Nihon Falcom Corporation""              "
"1","
"
"1","[369]"
"1"," ""Publisher_Nintendo""                              "
"1"," ""Publisher_Nippon Amuse""                          "
"1","
"
"1","[371]"
"1"," ""Publisher_Nippon Columbia""                       "
"1"," ""Publisher_Nippon Ichi Software""                  "
"1","
"
"1","[373]"
"1"," ""Publisher_Nippon Telenet""                        "
"1"," ""Publisher_Nitroplus""                             "
"1","
"
"1","[375]"
"1"," ""Publisher_Nobilis""                               "
"1"," ""Publisher_Nordcurrent""                           "
"1","
"
"1","[377]"
"1"," ""Publisher_Nordic Games""                          "
"1"," ""Publisher_NovaLogic""                             "
"1","
"
"1","[379]"
"1"," ""Publisher_Number None""                           "
"1"," ""Publisher_O-Games""                               "
"1","
"
"1","[381]"
"1"," ""Publisher_O3 Entertainment""                      "
"1"," ""Publisher_Ocean""                                 "
"1","
"
"1","[383]"
"1"," ""Publisher_Office Create""                         "
"1"," ""Publisher_On Demand""                             "
"1","
"
"1","[385]"
"1"," ""Publisher_Ongakukan""                             "
"1"," ""Publisher_Origin Systems""                        "
"1","
"
"1","[387]"
"1"," ""Publisher_Otomate""                               "
"1"," ""Publisher_Oxygen Interactive""                    "
"1","
"
"1","[389]"
"1"," ""Publisher_P2 Games""                              "
"1"," ""Publisher_Pacific Century Cyber Works""           "
"1","
"
"1","[391]"
"1"," ""Publisher_Pack-In-Video""                         "
"1"," ""Publisher_Pack In Soft""                          "
"1","
"
"1","[393]"
"1"," ""Publisher_Palcom""                                "
"1"," ""Publisher_Panther Software""                      "
"1","
"
"1","[395]"
"1"," ""Publisher_Paon""                                  "
"1"," ""Publisher_Paon Corporation""                      "
"1","
"
"1","[397]"
"1"," ""Publisher_Paradox Development""                   "
"1"," ""Publisher_Paradox Interactive""                   "
"1","
"
"1","[399]"
"1"," ""Publisher_Parker Bros.""                          "
"1"," ""Publisher_Performance Designed Products""         "
"1","
"
"1","[401]"
"1"," ""Publisher_Phantagram""                            "
"1"," ""Publisher_Phantom EFX""                           "
"1","
"
"1","[403]"
"1"," ""Publisher_Phenomedia""                            "
"1"," ""Publisher_Phoenix Games""                         "
"1","
"
"1","[405]"
"1"," ""Publisher_Piacci""                                "
"1"," ""Publisher_Pinnacle""                              "
"1","
"
"1","[407]"
"1"," ""Publisher_Pioneer LDC""                           "
"1"," ""Publisher_Play It""                               "
"1","
"
"1","[409]"
"1"," ""Publisher_Playlogic Game Factory""                "
"1"," ""Publisher_Playmates""                             "
"1","
"
"1","[411]"
"1"," ""Publisher_Playmore""                              "
"1"," ""Publisher_PlayV""                                 "
"1","
"
"1","[413]"
"1"," ""Publisher_Plenty""                                "
"1"," ""Publisher_PM Studios""                            "
"1","
"
"1","[415]"
"1"," ""Publisher_Pony Canyon""                           "
"1"," ""Publisher_PopCap Games""                          "
"1","
"
"1","[417]"
"1"," ""Publisher_Popcorn Arcade""                        "
"1"," ""Publisher_PopTop Software""                       "
"1","
"
"1","[419]"
"1"," ""Publisher_Pow""                                   "
"1"," ""Publisher_PQube""                                 "
"1","
"
"1","[421]"
"1"," ""Publisher_Princess Soft""                         "
"1"," ""Publisher_Prototype""                             "
"1","
"
"1","[423]"
"1"," ""Publisher_Psygnosis""                             "
"1"," ""Publisher_Quelle""                                "
"1","
"
"1","[425]"
"1"," ""Publisher_Quest""                                 "
"1"," ""Publisher_Quinrose""                              "
"1","
"
"1","[427]"
"1"," ""Publisher_Quintet""                               "
"1"," ""Publisher_Rage Software""                         "
"1","
"
"1","[429]"
"1"," ""Publisher_Rain Games""                            "
"1"," ""Publisher_Rebellion""                             "
"1","
"
"1","[431]"
"1"," ""Publisher_Rebellion Developments""                "
"1"," ""Publisher_RED Entertainment""                     "
"1","
"
"1","[433]"
"1"," ""Publisher_Red Orb""                               "
"1","[437]"
"1"," ""Publisher_responDESIGN""                          "
"1"," ""Publisher_Revolution (Japan)""                    "
"1","
"
"1","[439]"
"1"," ""Publisher_Revolution Software""                   "
"1"," ""Publisher_Rising Star Games""                     "
"1","
"
"1","[441]"
"1"," ""Publisher_Riverhillsoft""                         "
"1"," ""Publisher_Rocket Company""                        "
"1","
"
"1","[443]"
"1"," ""Publisher_Rondomedia""                            "
"1"," ""Publisher_RTL""                                   "
"1","
"
"1","[445]"
"1"," ""Publisher_Russel""                                "
"1"," ""Publisher_Sammy Corporation""                     "
"1","
"
"1","[447]"
"1"," ""Publisher_Saurus""                                "
"1"," ""Publisher_Scholastic Inc.""                       "
"1","
"
"1","[449]"
"1"," ""Publisher_SCi""                                   "
"1"," ""Publisher_Screenlife""                            "
"1","
"
"1","[451]"
"1"," ""Publisher_SCS Software""                          "
"1"," ""Publisher_Sears""                                 "
"1","
"
"1","[453]"
"1"," ""Publisher_Sega""                                  "
"1"," ""Publisher_Seta Corporation""                      "
"1","
"
"1","[455]"
"1"," ""Publisher_Seventh Chord""                         "
"1"," ""Publisher_Shogakukan""                            "
"1","
"
"1","[457]"
"1"," ""Publisher_Simon & Schuster Interactive""          "
"1"," ""Publisher_Slightly Mad Studios""                  "
"1","
"
"1","[459]"
"1"," ""Publisher_Slitherine Software""                   "
"1"," ""Publisher_SNK""                                   "
"1","
"
"1","[461]"
"1"," ""Publisher_SNK Playmore""                          "
"1"," ""Publisher_Societa""                               "
"1","
"
"1","[463]"
"1"," ""Publisher_Sold Out""                              "
"1"," ""Publisher_Sonnet""                                "
"1","
"
"1","[465]"
"1"," ""Publisher_Sony Computer Entertainment""           "
"1"," ""Publisher_Sony Computer Entertainment America""   "
"1","
"
"1","[467]"
"1"," ""Publisher_Sony Computer Entertainment Europe""    "
"1"," ""Publisher_Sony Music Entertainment""              "
"1","
"
"1","[469]"
"1"," ""Publisher_Sony Online Entertainment""             "
"1"," ""Publisher_SouthPeak Games""                       "
"1","
"
"1","[471]"
"1"," ""Publisher_Spike""                                 "
"1"," ""Publisher_SPS""                                   "
"1","
"
"1","[473]"
"1"," ""Publisher_Square""                                "
"1"," ""Publisher_Square EA""                             "
"1","
"
"1","[475]"
"1"," ""Publisher_Square Enix""                           "
"1"," ""Publisher_SquareSoft""                            "
"1","
"
"1","[477]"
"1"," ""Publisher_SSI""                                   "
"1"," ""Publisher_Stainless Games""                       "
"1","
"
"1","[479]"
"1"," ""Publisher_Starfish""                              "
"1"," ""Publisher_Starpath Corp.""                        "
"1","
"
"1","[481]"
"1"," ""Publisher_Sting""                                 "
"1"," ""Publisher_Storm City Games""                      "
"1","
"
"1","[483]"
"1"," ""Publisher_Strategy First""                        "
"1"," ""Publisher_Success""                               "
"1","
"
"1","[485]"
"1"," ""Publisher_Summitsoft""                            "
"1"," ""Publisher_Sunflowers""                            "
"1","
"
"1","[487]"
"1"," ""Publisher_Sunrise Interactive""                   "
"1"," ""Publisher_Sunsoft""                               "
"1","
"
"1","[489]"
"1"," ""Publisher_Sweets""                                "
"1"," ""Publisher_Swing! Entertainment""                  "
"1","
"
"1","[491]"
"1"," ""Publisher_Syscom""                                "
"1"," ""Publisher_System 3""                              "
"1","
"
"1","[493]"
"1"," ""Publisher_System 3 Arcade Software""              "
"1"," ""Publisher_System Soft""                           "
"1","
"
"1","[495]"
"1"," ""Publisher_T&E Soft""                              "
"1"," ""Publisher_Taito""                                 "
"1","
"
"1","[497]"
"1"," ""Publisher_Takara""                                "
"1"," ""Publisher_Takara Tomy""                           "
"1","
"
"1","[499]"
"1"," ""Publisher_Take-Two Interactive""                  "
"1"," ""Publisher_Takuyo""                                "
"1","
"
"1","[501]"
"1"," ""Publisher_TalonSoft""                             "
"1"," ""Publisher_TDK Core""                              "
"1","
"
"1","[503]"
"1"," ""Publisher_TDK Mediactive""                        "
"1"," ""Publisher_Team17 Software""                       "
"1","
"
"1","[505]"
"1"," ""Publisher_Technos Japan Corporation""             "
"1"," ""Publisher_TechnoSoft""                            "
"1","
"
"1","[507]"
"1"," ""Publisher_Tecmo Koei""                            "
"1"," ""Publisher_Telegames""                             "
"1","
"
"1","[509]"
"1"," ""Publisher_Telltale Games""                        "
"1"," ""Publisher_Telstar""                               "
"1","
"
"1","[511]"
"1"," ""Publisher_Tetris Online""                         "
"1"," ""Publisher_TGL""                                   "
"1","
"
"1","[513]"
"1"," ""Publisher_The Adventure Company""                 "
"1"," ""Publisher_The Learning Company""                  "
"1","
"
"1","[515]"
"1"," ""Publisher_THQ""                                   "
"1"," ""Publisher_Tigervision""                           "
"1","
"
"1","[517]"
"1"," ""Publisher_Time Warner Interactive""               "
"1"," ""Publisher_Titus""                                 "
"1","
"
"1","[519]"
"1"," ""Publisher_Tivola""                                "
"1"," ""Publisher_TOHO""                                  "
"1","
"
"1","[521]"
"1"," ""Publisher_Tommo""                                 "
"1"," ""Publisher_Tomy Corporation""                      "
"1","
"
"1","[523]"
"1"," ""Publisher_TopWare Interactive""                   "
"1"," ""Publisher_Touchstone""                            "
"1","
"
"1","[525]"
"1"," ""Publisher_Tradewest""                             "
"1"," ""Publisher_Trion Worlds""                          "
"1","
"
"1","[527]"
"1"," ""Publisher_Tripwire Interactive""                  "
"1"," ""Publisher_Tru Blu Entertainment""                 "
"1","
"
"1","[529]"
"1"," ""Publisher_Tryfirst""                              "
"1"," ""Publisher_TYO""                                   "
"1","
"
"1","[531]"
"1"," ""Publisher_Type-Moon""                             "
"1"," ""Publisher_U.S. Gold""                             "
"1","
"
"1","[533]"
"1"," ""Publisher_Ubisoft""                               "
"1"," ""Publisher_Ubisoft Annecy""                        "
"1","
"
"1","[535]"
"1"," ""Publisher_UEP Systems""                           "
"1"," ""Publisher_UFO Interactive""                       "
"1","
"
"1","[537]"
"1"," ""Publisher_UIG Entertainment""                     "
"1"," ""Publisher_Ultravision""                           "
"1","
"
"1","[539]"
"1"," ""Publisher_Universal Gamex""                       "
"1"," ""Publisher_Universal Interactive""                 "
"1","
"
"1","[541]"
"1"," ""Publisher_Unknown""                               "
"1"," ""Publisher_Valcon Games""                          "
"1","
"
"1","[543]"
"1"," ""Publisher_ValuSoft""                              "
"1"," ""Publisher_Valve""                                 "
"1","
"
"1","[545]"
"1"," ""Publisher_Valve Software""                        "
"1"," ""Publisher_Vap""                                   "
"1","
"
"1","[547]"
"1"," ""Publisher_Vatical Entertainment""                 "
"1"," ""Publisher_Vic Tokai""                             "
"1","
"
"1","[549]"
"1"," ""Publisher_Victor Interactive""                    "
"1"," ""Publisher_Video System""                          "
"1","
"
"1","[551]"
"1"," ""Publisher_Views""                                 "
"1"," ""Publisher_Vir2L Studios""                         "
"1","
"
"1","[553]"
"1"," ""Publisher_Virgin Interactive""                    "
"1"," ""Publisher_Virtual Play Games""                    "
"1","
"
"1","[555]"
"1"," ""Publisher_Visco""                                 "
"1"," ""Publisher_Vivendi Games""                         "
"1","
"
"1","[557]"
"1"," ""Publisher_Wanadoo""                               "
"1"," ""Publisher_Warashi""                               "
"1","
"
"1","[559]"
"1"," ""Publisher_Wargaming.net""                         "
"1"," ""Publisher_Warner Bros. Interactive Entertainment"""
"1","
"
"1","[561]"
"1"," ""Publisher_Warp""                                  "
"1"," ""Publisher_WayForward Technologies""               "
"1","
"
"1","[563]"
"1"," ""Publisher_Westwood Studios""                      "
"1"," ""Publisher_White Park Bay Software""               "
"1","
"
"1","[565]"
"1"," ""Publisher_Wizard Video Games""                    "
"1"," ""Publisher_Xicat Interactive""                     "
"1","
"
"1","[567]"
"1"," ""Publisher_Xing Entertainment""                    "
"1"," ""Publisher_Xplosiv""                               "
"1","
"
"1","[569]"
"1"," ""Publisher_XS Games""                              "
"1"," ""Publisher_Xseed Games""                           "
"1","
"
"1","[571]"
"1"," ""Publisher_Yacht Club Games""                      "
"1"," ""Publisher_Yamasa Entertainment""                  "
"1","
"
"1","[573]"
"1"," ""Publisher_Yeti""                                  "
"1"," ""Publisher_Yuke's""                                "
"1","
"
"1","[575]"
"1"," ""Publisher_Yumedia""                               "
"1"," ""Publisher_Zenrin""                                "
"1","
"
"1","[577]"
"1"," ""Publisher_Zoo Digital Publishing""                "
"1"," ""Publisher_Zoo Games""                             "
"1","
"
"1","[579]"
"1"," ""Publisher_Zushi Games""                           "
"1","
"
"0","index <- sample(1:nrow(g_s), (7/10*nrow(g_s)))"
"0",""
"0","# las <- randomForest::randomForest(Global_Sales~.-Global_Sales"
"0","#                            ,ytest=g_s[-index,])"
